INSERT IGNORE INTO users (ROLES,ENABLED, FIRST_NAME, LAST_NAME, PASSWORD, USERNAME, CREATE_USERS_USERNAME, CREATE_DATE,EMAIL,USER_STATUS,MAIL_SETTINGS) VALUES('ADMIN',TRUE, 'Admin', 'Istrator', '$2a$10$93Tb8jg1GeHgi6AECbO7xeWPyB0bv1HXadhB3tr0sf7ySFFOKwQoi', 'admin', 'admin', '2016-01-01 00:00:00','admin@mail.com','PRESENT','OFF')
--INSERT IGNORE INTO user_user_role (USERS_USERNAME, ROLES) VALUES ('admin', 'ADMIN')
INSERT IGNORE INTO users (ROLES,ENABLED, FIRST_NAME, LAST_NAME, PASSWORD, USERNAME, CREATE_USERS_USERNAME, CREATE_DATE,EMAIL,USER_STATUS,MAIL_SETTINGS) VALUES('ADMIN',TRUE, 'Elvis', 'The King', '$2a$10$93Tb8jg1GeHgi6AECbO7xeWPyB0bv1HXadhB3tr0sf7ySFFOKwQoi', 'elvis', 'elvis', '2016-01-01 00:00:00','elvis@mail.com','PRESENT','OFF')
--INSERT IGNORE INTO user_user_role (USERS_USERNAME, ROLES) VALUES ('elvis', 'ADMIN')
INSERT IGNORE INTO users (ROLES,ENABLED, FIRST_NAME, LAST_NAME, PASSWORD, USERNAME, CREATE_USERS_USERNAME, CREATE_DATE,EMAIL,USER_STATUS,MAIL_SETTINGS) VALUES('MANAGER',TRUE, 'Green', 'Beast', '$2a$10$93Tb8jg1GeHgi6AECbO7xeWPyB0bv1HXadhB3tr0sf7ySFFOKwQoi', 'hulk', 'admin', '2016-01-01 00:00:00','hulk@mail.com','PRESENT','OFF')
--INSERT IGNORE INTO user_user_role (USERS_USERNAME, ROLES) VALUES ('hulk', 'MANAGER')
INSERT IGNORE INTO users (ROLES,ENABLED, FIRST_NAME, LAST_NAME, PASSWORD, USERNAME, CREATE_USERS_USERNAME, CREATE_DATE,EMAIL,USER_STATUS,MAIL_SETTINGS) VALUES('MANAGER',TRUE, 'Sascha', 'Baron', '$2a$10$93Tb8jg1GeHgi6AECbO7xeWPyB0bv1HXadhB3tr0sf7ySFFOKwQoi', 'borat', 'admin', '2016-01-01 00:00:00','borat@mail.com','PRESENT','OFF')
--INSERT IGNORE INTO user_user_role (USERS_USERNAME, ROLES) VALUES ('borat', 'MANAGER')
INSERT IGNORE INTO users (ROLES,ENABLED, FIRST_NAME, LAST_NAME, PASSWORD, USERNAME, CREATE_USERS_USERNAME, CREATE_DATE,EMAIL,USER_STATUS,MAIL_SETTINGS) VALUES('MANAGER',TRUE, 'Alan', 'Turing', '$2a$10$93Tb8jg1GeHgi6AECbO7xeWPyB0bv1HXadhB3tr0sf7ySFFOKwQoi', 'alan', 'admin', '2016-01-01 00:00:00','alan@mail.com','PRESENT','OFF')
--INSERT IGNORE INTO user_user_role (USERS_USERNAME, ROLES) VALUES ('alan', 'MANAGER')
INSERT IGNORE INTO users (ROLES,ENABLED, FIRST_NAME, LAST_NAME, PASSWORD, USERNAME, CREATE_USERS_USERNAME, CREATE_DATE,EMAIL,USER_STATUS,MAIL_SETTINGS) VALUES('EMPLOYEE',TRUE, 'Susi', 'Kaufgern', '$2a$10$93Tb8jg1GeHgi6AECbO7xeWPyB0bv1HXadhB3tr0sf7ySFFOKwQoi', 'user1', 'admin', '2016-01-01 00:00:00','susi@mail.com','PRESENT','OFF')
--INSERT IGNORE INTO user_user_role (USERS_USERNAME, ROLES) VALUES ('user1', 'EMPLOYEE')
INSERT IGNORE INTO users (ROLES,ENABLED, FIRST_NAME, LAST_NAME, PASSWORD, USERNAME, CREATE_USERS_USERNAME, CREATE_DATE,EMAIL,USER_STATUS,MAIL_SETTINGS) VALUES('EMPLOYEE',TRUE, 'Max', 'Mustermann', '$2a$10$93Tb8jg1GeHgi6AECbO7xeWPyB0bv1HXadhB3tr0sf7ySFFOKwQoi', 'user2', 'admin', '2016-01-01 00:00:00','max@mail.com','PRESENT','OFF')
--INSERT IGNORE INTO user_user_role (USERS_USERNAME, ROLES) VALUES ('user2', 'EMPLOYEE')
INSERT IGNORE INTO users (ROLES,ENABLED, FIRST_NAME, LAST_NAME, PASSWORD, USERNAME, CREATE_USERS_USERNAME, CREATE_DATE,EMAIL,USER_STATUS,MAIL_SETTINGS) VALUES('EMPLOYEE',TRUE, 'Max3', 'Mustermann3', '$2a$10$93Tb8jg1GeHgi6AECbO7xeWPyB0bv1HXadhB3tr0sf7ySFFOKwQoi', 'user3', 'admin', '2016-01-01 00:00:00','max3@mail.com','PRESENT','OFF')
--INSERT IGNORE INTO user_user_role (USERS_USERNAME, ROLES) VALUES ('user3', 'EMPLOYEE')
INSERT IGNORE INTO users (ROLES,ENABLED, FIRST_NAME, LAST_NAME, PASSWORD, USERNAME, CREATE_USERS_USERNAME, CREATE_DATE,EMAIL,USER_STATUS,MAIL_SETTINGS) VALUES('EMPLOYEE',TRUE, 'Max4', 'Mustermann4', '$2a$10$93Tb8jg1GeHgi6AECbO7xeWPyB0bv1HXadhB3tr0sf7ySFFOKwQoi', 'user4', 'admin', '2016-01-01 00:00:00','max4@mail.com','PRESENT','OFF')
--INSERT IGNORE INTO user_user_role (USERS_USERNAME, ROLES) VALUES ('user4', 'EMPLOYEE')
INSERT IGNORE INTO users (ROLES,ENABLED, FIRST_NAME, LAST_NAME, PASSWORD, USERNAME, CREATE_USERS_USERNAME, CREATE_DATE,EMAIL,USER_STATUS,MAIL_SETTINGS) VALUES('EMPLOYEE',TRUE, 'Max5', 'Mustermann5', '$2a$10$93Tb8jg1GeHgi6AECbO7xeWPyB0bv1HXadhB3tr0sf7ySFFOKwQoi', 'user5', 'admin', '2016-01-01 00:00:00','max5@mail.com','PRESENT','OFF')
--INSERT IGNORE INTO user_user_role (USERS_USERNAME, ROLES) VALUES ('user5', 'EMPLOYEE')
INSERT IGNORE INTO users (ROLES,ENABLED, FIRST_NAME, LAST_NAME, PASSWORD, USERNAME, CREATE_USERS_USERNAME, CREATE_DATE,EMAIL,USER_STATUS,MAIL_SETTINGS) VALUES('EMPLOYEE',TRUE, 'Max6', 'Mustermann6', '$2a$10$93Tb8jg1GeHgi6AECbO7xeWPyB0bv1HXadhB3tr0sf7ySFFOKwQoi', 'user6', 'admin', '2016-01-01 00:00:00','max6@mail.com','PRESENT','OFF')
--INSERT IGNORE INTO user_user_role (USERS_USERNAME, ROLES) VALUES ('user6', 'EMPLOYEE')
INSERT IGNORE INTO users (ROLES,ENABLED, FIRST_NAME, LAST_NAME, PASSWORD, USERNAME, CREATE_USERS_USERNAME, CREATE_DATE,EMAIL,USER_STATUS,MAIL_SETTINGS) VALUES('EMPLOYEE',TRUE, 'Max7', 'Mustermann7', '$2a$10$93Tb8jg1GeHgi6AECbO7xeWPyB0bv1HXadhB3tr0sf7ySFFOKwQoi', 'user7', 'admin', '2016-01-01 00:00:00','max7@mail.com','PRESENT','OFF')
--INSERT IGNORE INTO user_user_role (USERS_USERNAME, ROLES) VALUES ('user7', 'EMPLOYEE')
INSERT IGNORE INTO users (ROLES,ENABLED, FIRST_NAME, LAST_NAME, PASSWORD, USERNAME, CREATE_USERS_USERNAME, CREATE_DATE,EMAIL,USER_STATUS,MAIL_SETTINGS) VALUES('EMPLOYEE',TRUE, 'Max8', 'Mustermann8', '$2a$10$93Tb8jg1GeHgi6AECbO7xeWPyB0bv1HXadhB3tr0sf7ySFFOKwQoi', 'user8', 'admin', '2016-01-01 00:00:00','max8@mail.com','PRESENT','OFF')
--INSERT IGNORE INTO user_user_role (USERS_USERNAME, ROLES) VALUES ('user8', 'EMPLOYEE')
INSERT IGNORE INTO users (ROLES,ENABLED, FIRST_NAME, LAST_NAME, PASSWORD, USERNAME, CREATE_USERS_USERNAME, CREATE_DATE,EMAIL,USER_STATUS,MAIL_SETTINGS) VALUES('EMPLOYEE',TRUE, 'Max9', 'Mustermann9', '$2a$10$93Tb8jg1GeHgi6AECbO7xeWPyB0bv1HXadhB3tr0sf7ySFFOKwQoi', 'user9', 'admin', '2016-01-01 00:00:00','max9@mail.com','PRESENT','OFF')
--INSERT IGNORE INTO user_user_role (USERS_USERNAME, ROLES) VALUES ('user9', 'EMPLOYEE')
INSERT IGNORE INTO users (ROLES,ENABLED, FIRST_NAME, LAST_NAME, PASSWORD, USERNAME, CREATE_USERS_USERNAME, CREATE_DATE,EMAIL,USER_STATUS,MAIL_SETTINGS) VALUES('EMPLOYEE',TRUE, 'Max10', 'Mustermann10', '$2a$10$93Tb8jg1GeHgi6AECbO7xeWPyB0bv1HXadhB3tr0sf7ySFFOKwQoi', 'user10', 'admin', '2016-01-01 00:00:00','max10@mail.com','PRESENT','OFF')
--INSERT IGNORE INTO user_user_role (USERS_USERNAME, ROLES) VALUES ('user10', 'EMPLOYEE')
INSERT IGNORE INTO users (ROLES,ENABLED, FIRST_NAME, LAST_NAME, PASSWORD, USERNAME, CREATE_USERS_USERNAME, CREATE_DATE,EMAIL,USER_STATUS,MAIL_SETTINGS) VALUES('FACILITY_MANAGER',TRUE, 'Peter', 'Parker', '$2a$10$93Tb8jg1GeHgi6AECbO7xeWPyB0bv1HXadhB3tr0sf7ySFFOKwQoi', 'spiderman', 'elvis', '2016-01-01 00:00:00','spiderman@mail.com','PRESENT','OFF')
--INSERT IGNORE INTO user_user_role (USERS_USERNAME, ROLES) VALUES ('spiderman', 'FACILITY_MANAGER')


INSERT IGNORE INTO department (DEPARTMENT_ID, DEPARTMENT_NAME,DEPARTMENT_MANAGER) VALUES (1,'IT','hulk')
INSERT IGNORE INTO department (DEPARTMENT_ID, DEPARTMENT_NAME,DEPARTMENT_MANAGER) VALUES (2,'Mathematics','borat')
INSERT IGNORE INTO department (DEPARTMENT_ID, DEPARTMENT_NAME,DEPARTMENT_MANAGER) VALUES (3,'Biology','alan')
INSERT IGNORE INTO department (DEPARTMENT_ID, DEPARTMENT_NAME,DEPARTMENT_MANAGER) VALUES (4,'Administration','admin')
INSERT IGNORE INTO department (DEPARTMENT_ID, DEPARTMENT_NAME) VALUES (4,'Administration')
INSERT IGNORE INTO department (DEPARTMENT_ID, DEPARTMENT_NAME) VALUES (4,'Administration')


INSERT IGNORE INTO room (ROOM_ID, FLOOR_NUMBER, ROOM_NAME, NUMBER_OF_SEATS,ROOM_NUMBER, ROOM_TYPE,DEPARTMENT_ID) VALUES(100,1,'Administration Office',3,1,'OFFICE',4)

INSERT IGNORE INTO room (ROOM_ID, FLOOR_NUMBER, ROOM_NAME, NUMBER_OF_SEATS,ROOM_NUMBER, ROOM_TYPE,DEPARTMENT_ID) VALUES(10,1,'IT.OFFICE A',10,1,'OFFICE',1)
INSERT IGNORE INTO room (ROOM_ID, FLOOR_NUMBER, ROOM_NAME, NUMBER_OF_SEATS,ROOM_NUMBER, ROOM_TYPE,DEPARTMENT_ID) VALUES(11,1,'IT.OFFICE B',10,2,'OFFICE',1)
INSERT IGNORE INTO room (ROOM_ID, FLOOR_NUMBER, ROOM_NAME, NUMBER_OF_SEATS,ROOM_NUMBER, ROOM_TYPE,DEPARTMENT_ID) VALUES(12,1,'IT.OFFICE C',10,3,'OFFICE',1)

INSERT IGNORE INTO room (ROOM_ID, FLOOR_NUMBER, ROOM_NAME, NUMBER_OF_SEATS,ROOM_NUMBER, ROOM_TYPE,DEPARTMENT_ID) VALUES(20,2,'MATH.OFFICE A',10,4,'OFFICE',2)
INSERT IGNORE INTO room (ROOM_ID, FLOOR_NUMBER, ROOM_NAME, NUMBER_OF_SEATS,ROOM_NUMBER, ROOM_TYPE,DEPARTMENT_ID) VALUES(21,2,'MATH.OFFICE B',10,5,'OFFICE',2)
INSERT IGNORE INTO room (ROOM_ID, FLOOR_NUMBER, ROOM_NAME, NUMBER_OF_SEATS,ROOM_NUMBER, ROOM_TYPE,DEPARTMENT_ID) VALUES(22,2,'MATH.OFFICE C',10,6,'OFFICE',2)

INSERT IGNORE INTO room (ROOM_ID, FLOOR_NUMBER, ROOM_NAME, NUMBER_OF_SEATS,ROOM_NUMBER, ROOM_TYPE,DEPARTMENT_ID) VALUES(30,3,'BIOLOGY.OFFICE A',10,7,'OFFICE',3)
INSERT IGNORE INTO room (ROOM_ID, FLOOR_NUMBER, ROOM_NAME, NUMBER_OF_SEATS,ROOM_NUMBER, ROOM_TYPE,DEPARTMENT_ID) VALUES(31,3,'BIOLOGY.OFFICE B',10,8,'OFFICE',3)
INSERT IGNORE INTO room (ROOM_ID, FLOOR_NUMBER, ROOM_NAME, NUMBER_OF_SEATS,ROOM_NUMBER, ROOM_TYPE,DEPARTMENT_ID) VALUES(32,3,'BIOLOGY.OFFICE C',10,9,'OFFICE',3)

INSERT IGNORE INTO room (ROOM_ID, FLOOR_NUMBER, ROOM_NAME, NUMBER_OF_SEATS,ROOM_NUMBER, ROOM_TYPE,DEPARTMENT_ID) VALUES(40,1,'CORRIDOR A',0,10,'CORRIDOR',1)
INSERT IGNORE INTO room (ROOM_ID, FLOOR_NUMBER, ROOM_NAME, NUMBER_OF_SEATS,ROOM_NUMBER, ROOM_TYPE,DEPARTMENT_ID) VALUES(50,1,'CONFERENCE_ROOM A',0,11,'CONFERENCE_ROOM',2)
INSERT IGNORE INTO room (ROOM_ID, FLOOR_NUMBER, ROOM_NAME, NUMBER_OF_SEATS,ROOM_NUMBER, ROOM_TYPE,DEPARTMENT_ID) VALUES(60,1,'LOUNGE A',0,12,'LOUNGE',3)
INSERT IGNORE INTO room (ROOM_ID, FLOOR_NUMBER, ROOM_NAME, NUMBER_OF_SEATS,ROOM_NUMBER, ROOM_TYPE,DEPARTMENT_ID) VALUES(70,1,'KITCHEN A',0,13,'KITCHEN',4)

UPDATE users SET department_id = 4, room_id = 100 WHERE username = 'admin'
UPDATE users SET department_id = 4, room_id = 100 WHERE username = 'elvis'
UPDATE users SET department_id = 4, room_id = 100 WHERE username = 'spiderman'

UPDATE users SET department_id = 1, room_id = 10 WHERE username = 'hulk'
UPDATE users SET department_id = 1, room_id = 10 WHERE username = 'user1'
UPDATE users SET department_id = 1, room_id = 10 WHERE username = 'user2'
UPDATE users SET department_id = 1, room_id = 10 WHERE username = 'user3'
UPDATE users SET department_id = 1, room_id = 10 WHERE username = 'user4'
UPDATE users SET department_id = 1, room_id = 10 WHERE username = 'user5'

UPDATE users SET department_id = 2, room_id = 20 WHERE username = 'borat'
UPDATE users SET department_id = 2, room_id = 20 WHERE username = 'user6'
UPDATE users SET department_id = 2, room_id = 20 WHERE username = 'user7'
UPDATE users SET department_id = 2, room_id = 20 WHERE username = 'user8'
UPDATE users SET department_id = 2, room_id = 20 WHERE username = 'user9'
UPDATE users SET department_id = 2, room_id = 20 WHERE username = 'user10'

UPDATE users SET department_id = 3, room_id = 30 WHERE username = 'alan'

INSERT IGNORE INTO sensor(SENSOR_ID ,DECIBEL_LIMIT,GAS_LIMIT,HUMIDITY_LIMIT_HIGH,HUMIDITY_LIMIT_LOW,LUX_LIMIT,PRESSURE_LIMIT_HIGH,PRESSURE_LIMIT_LOW,TEMPERATURE_LIMIT_HIGH,TEMPERATURE_LIMIT_LOW,ROOM_ID ) VALUES ('20',130,0,71,20,140,970,910,29,19,10)
INSERT IGNORE INTO sensor(SENSOR_ID ,DECIBEL_LIMIT,GAS_LIMIT,HUMIDITY_LIMIT_HIGH,HUMIDITY_LIMIT_LOW,LUX_LIMIT,PRESSURE_LIMIT_HIGH,PRESSURE_LIMIT_LOW,TEMPERATURE_LIMIT_HIGH,TEMPERATURE_LIMIT_LOW,ROOM_ID ) VALUES ('21',130,0,71,20,140,970,910,29,19,11)
INSERT IGNORE INTO sensor(SENSOR_ID ,DECIBEL_LIMIT,GAS_LIMIT,HUMIDITY_LIMIT_HIGH,HUMIDITY_LIMIT_LOW,LUX_LIMIT,PRESSURE_LIMIT_HIGH,PRESSURE_LIMIT_LOW,TEMPERATURE_LIMIT_HIGH,TEMPERATURE_LIMIT_LOW,ROOM_ID ) VALUES ('22',130,0,71,20,140,970,910,29,19,12)
INSERT IGNORE INTO sensor(SENSOR_ID ,DECIBEL_LIMIT,GAS_LIMIT,HUMIDITY_LIMIT_HIGH,HUMIDITY_LIMIT_LOW,LUX_LIMIT,PRESSURE_LIMIT_HIGH,PRESSURE_LIMIT_LOW,TEMPERATURE_LIMIT_HIGH,TEMPERATURE_LIMIT_LOW,ROOM_ID ) VALUES ('23',130,0,71,20,140,970,910,29,19,40)
INSERT IGNORE INTO sensor(SENSOR_ID ,DECIBEL_LIMIT,GAS_LIMIT,HUMIDITY_LIMIT_HIGH,HUMIDITY_LIMIT_LOW,LUX_LIMIT,PRESSURE_LIMIT_HIGH,PRESSURE_LIMIT_LOW,TEMPERATURE_LIMIT_HIGH,TEMPERATURE_LIMIT_LOW,ROOM_ID ) VALUES ('24',130,0,71,20,140,970,910,29,19,50)
INSERT IGNORE INTO sensor(SENSOR_ID ,DECIBEL_LIMIT,GAS_LIMIT,HUMIDITY_LIMIT_HIGH,HUMIDITY_LIMIT_LOW,LUX_LIMIT,PRESSURE_LIMIT_HIGH,PRESSURE_LIMIT_LOW,TEMPERATURE_LIMIT_HIGH,TEMPERATURE_LIMIT_LOW,ROOM_ID ) VALUES ('25',130,0,71,20,140,970,910,29,19,60)
INSERT IGNORE INTO sensor(SENSOR_ID ,DECIBEL_LIMIT,GAS_LIMIT,HUMIDITY_LIMIT_HIGH,HUMIDITY_LIMIT_LOW,LUX_LIMIT,PRESSURE_LIMIT_HIGH,PRESSURE_LIMIT_LOW,TEMPERATURE_LIMIT_HIGH,TEMPERATURE_LIMIT_LOW,ROOM_ID ) VALUES ('26',130,0,71,20,140,970,910,29,19,70)

