INSERT IGNORE INTO users (ROLES,ENABLED, FIRST_NAME, LAST_NAME, PASSWORD, USERNAME, CREATE_USERS_USERNAME, CREATE_DATE,EMAIL,USER_STATUS,MAIL_SETTINGS) VALUES('ADMIN',TRUE, 'Admin', 'Istrator', '$2a$10$93Tb8jg1GeHgi6AECbO7xeWPyB0bv1HXadhB3tr0sf7ySFFOKwQoi', 'admin', 'admin', '2016-01-01 00:00:00','admin@mail.com','PRESENT','OFF')
--INSERT IGNORE INTO user_user_role (USERS_USERNAME, ROLES) VALUES ('admin', 'ADMIN')
INSERT IGNORE INTO users (ROLES,ENABLED, FIRST_NAME, LAST_NAME, PASSWORD, USERNAME, CREATE_USERS_USERNAME, CREATE_DATE,EMAIL,USER_STATUS,MAIL_SETTINGS) VALUES('ADMIN',TRUE, 'Elvis', 'The King', '$2a$10$93Tb8jg1GeHgi6AECbO7xeWPyB0bv1HXadhB3tr0sf7ySFFOKwQoi', 'elvis', 'elvis', '2016-01-01 00:00:00','elvis@mail.com','PRESENT','OFF')
--INSERT IGNORE INTO user_user_role (USERS_USERNAME, ROLES) VALUES ('elvis', 'ADMIN')
INSERT IGNORE INTO users (ROLES,ENABLED, FIRST_NAME, LAST_NAME, PASSWORD, USERNAME, CREATE_USERS_USERNAME, CREATE_DATE,EMAIL,USER_STATUS,MAIL_SETTINGS) VALUES('MANAGER',TRUE, 'Green', 'Beast', '$2a$10$93Tb8jg1GeHgi6AECbO7xeWPyB0bv1HXadhB3tr0sf7ySFFOKwQoi', 'hulk', 'admin', '2016-01-01 00:00:00','hulk@mail.com','PRESENT','OFF')
--INSERT IGNORE INTO user_user_role (USERS_USERNAME, ROLES) VALUES ('hulk', 'MANAGER')
INSERT IGNORE INTO users (ROLES,ENABLED, FIRST_NAME, LAST_NAME, PASSWORD, USERNAME, CREATE_USERS_USERNAME, CREATE_DATE,EMAIL,USER_STATUS,MAIL_SETTINGS) VALUES('MANAGER',TRUE, 'Sascha', 'Baron', '$2a$10$93Tb8jg1GeHgi6AECbO7xeWPyB0bv1HXadhB3tr0sf7ySFFOKwQoi', 'borat', 'admin', '2016-01-01 00:00:00','borat@mail.com','PRESENT','OFF')
--INSERT IGNORE INTO user_user_role (USERS_USERNAME, ROLES) VALUES ('borat', 'MANAGER')
INSERT IGNORE INTO users (ROLES,ENABLED, FIRST_NAME, LAST_NAME, PASSWORD, USERNAME, CREATE_USERS_USERNAME, CREATE_DATE,EMAIL,USER_STATUS,MAIL_SETTINGS) VALUES('MANAGER',TRUE, 'Alan', 'Turing', '$2a$10$93Tb8jg1GeHgi6AECbO7xeWPyB0bv1HXadhB3tr0sf7ySFFOKwQoi', 'alan', 'admin', '2016-01-01 00:00:00','alan@mail.com','PRESENT','OFF')
--INSERT IGNORE INTO user_user_role (USERS_USERNAME, ROLES) VALUES ('alan', 'MANAGER')
INSERT IGNORE INTO users (ROLES,ENABLED, FIRST_NAME, LAST_NAME, PASSWORD, USERNAME, CREATE_USERS_USERNAME, CREATE_DATE,EMAIL,USER_STATUS,MAIL_SETTINGS) VALUES('EMPLOYEE',TRUE, 'Susi', 'Kaufgern', '$2a$10$93Tb8jg1GeHgi6AECbO7xeWPyB0bv1HXadhB3tr0sf7ySFFOKwQoi', 'user1', 'admin', '2016-01-01 00:00:00','susi@mail.com','PRESENT','OFF')
--INSERT IGNORE INTO user_user_role (USERS_USERNAME, ROLES) VALUES ('user1', 'EMPLOYEE')
INSERT IGNORE INTO users (ROLES,ENABLED, FIRST_NAME, LAST_NAME, PASSWORD, USERNAME, CREATE_USERS_USERNAME, CREATE_DATE,EMAIL,USER_STATUS,MAIL_SETTINGS) VALUES('EMPLOYEE',TRUE, 'Max', 'Mustermann', '$2a$10$93Tb8jg1GeHgi6AECbO7xeWPyB0bv1HXadhB3tr0sf7ySFFOKwQoi', 'user2', 'admin', '2016-01-01 00:00:00','max@mail.com','PRESENT','OFF')
--INSERT IGNORE INTO user_user_role (USERS_USERNAME, ROLES) VALUES ('user2', 'EMPLOYEE')
INSERT IGNORE INTO users (ROLES,ENABLED, FIRST_NAME, LAST_NAME, PASSWORD, USERNAME, CREATE_USERS_USERNAME, CREATE_DATE,EMAIL,USER_STATUS,MAIL_SETTINGS) VALUES('EMPLOYEE',TRUE, 'Max3', 'Mustermann3', '$2a$10$93Tb8jg1GeHgi6AECbO7xeWPyB0bv1HXadhB3tr0sf7ySFFOKwQoi', 'user3', 'admin', '2016-01-01 00:00:00','max3@mail.com','PRESENT','OFF')
--INSERT IGNORE INTO user_user_role (USERS_USERNAME, ROLES) VALUES ('user3', 'EMPLOYEE')
INSERT IGNORE INTO users (ROLES,ENABLED, FIRST_NAME, LAST_NAME, PASSWORD, USERNAME, CREATE_USERS_USERNAME, CREATE_DATE,EMAIL,USER_STATUS,MAIL_SETTINGS) VALUES('EMPLOYEE',TRUE, 'Max4', 'Mustermann4', '$2a$10$93Tb8jg1GeHgi6AECbO7xeWPyB0bv1HXadhB3tr0sf7ySFFOKwQoi', 'user4', 'admin', '2016-01-01 00:00:00','max4@mail.com','PRESENT','OFF')
--INSERT IGNORE INTO user_user_role (USERS_USERNAME, ROLES) VALUES ('user4', 'EMPLOYEE')
INSERT IGNORE INTO users (ROLES,ENABLED, FIRST_NAME, LAST_NAME, PASSWORD, USERNAME, CREATE_USERS_USERNAME, CREATE_DATE,EMAIL,USER_STATUS,MAIL_SETTINGS) VALUES('EMPLOYEE',TRUE, 'Max5', 'Mustermann5', '$2a$10$93Tb8jg1GeHgi6AECbO7xeWPyB0bv1HXadhB3tr0sf7ySFFOKwQoi', 'user5', 'admin', '2016-01-01 00:00:00','max5@mail.com','PRESENT','OFF')
--INSERT IGNORE INTO user_user_role (USERS_USERNAME, ROLES) VALUES ('user5', 'EMPLOYEE')
INSERT IGNORE INTO users (ROLES,ENABLED, FIRST_NAME, LAST_NAME, PASSWORD, USERNAME, CREATE_USERS_USERNAME, CREATE_DATE,EMAIL,USER_STATUS,MAIL_SETTINGS) VALUES('EMPLOYEE',TRUE, 'Max6', 'Mustermann6', '$2a$10$93Tb8jg1GeHgi6AECbO7xeWPyB0bv1HXadhB3tr0sf7ySFFOKwQoi', 'user6', 'admin', '2016-01-01 00:00:00','max6@mail.com','PRESENT','OFF')
--INSERT IGNORE INTO user_user_role (USERS_USERNAME, ROLES) VALUES ('user6', 'EMPLOYEE')
INSERT IGNORE INTO users (ROLES,ENABLED, FIRST_NAME, LAST_NAME, PASSWORD, USERNAME, CREATE_USERS_USERNAME, CREATE_DATE,EMAIL,USER_STATUS,MAIL_SETTINGS) VALUES('EMPLOYEE',TRUE, 'Max7', 'Mustermann7', '$2a$10$93Tb8jg1GeHgi6AECbO7xeWPyB0bv1HXadhB3tr0sf7ySFFOKwQoi', 'user7', 'admin', '2016-01-01 00:00:00','max7@mail.com','PRESENT','OFF')
--INSERT IGNORE INTO user_user_role (USERS_USERNAME, ROLES) VALUES ('user7', 'EMPLOYEE')
INSERT IGNORE INTO users (ROLES,ENABLED, FIRST_NAME, LAST_NAME, PASSWORD, USERNAME, CREATE_USERS_USERNAME, CREATE_DATE,EMAIL,USER_STATUS,MAIL_SETTINGS) VALUES('EMPLOYEE',TRUE, 'Max8', 'Mustermann8', '$2a$10$93Tb8jg1GeHgi6AECbO7xeWPyB0bv1HXadhB3tr0sf7ySFFOKwQoi', 'user8', 'admin', '2016-01-01 00:00:00','max8@mail.com','PRESENT','OFF')
--INSERT IGNORE INTO user_user_role (USERS_USERNAME, ROLES) VALUES ('user8', 'EMPLOYEE')
INSERT IGNORE INTO users (ROLES,ENABLED, FIRST_NAME, LAST_NAME, PASSWORD, USERNAME, CREATE_USERS_USERNAME, CREATE_DATE,EMAIL,USER_STATUS,MAIL_SETTINGS) VALUES('EMPLOYEE',TRUE, 'Max9', 'Mustermann9', '$2a$10$93Tb8jg1GeHgi6AECbO7xeWPyB0bv1HXadhB3tr0sf7ySFFOKwQoi', 'user9', 'admin', '2016-01-01 00:00:00','max9@mail.com','PRESENT','OFF')
--INSERT IGNORE INTO user_user_role (USERS_USERNAME, ROLES) VALUES ('user9', 'EMPLOYEE')
INSERT IGNORE INTO users (ROLES,ENABLED, FIRST_NAME, LAST_NAME, PASSWORD, USERNAME, CREATE_USERS_USERNAME, CREATE_DATE,EMAIL,USER_STATUS,MAIL_SETTINGS) VALUES('EMPLOYEE',TRUE, 'Max10', 'Mustermann10', '$2a$10$93Tb8jg1GeHgi6AECbO7xeWPyB0bv1HXadhB3tr0sf7ySFFOKwQoi', 'user10', 'admin', '2016-01-01 00:00:00','max10@mail.com','PRESENT','OFF')
--INSERT IGNORE INTO user_user_role (USERS_USERNAME, ROLES) VALUES ('user10', 'EMPLOYEE')
INSERT IGNORE INTO users (ROLES,ENABLED, FIRST_NAME, LAST_NAME, PASSWORD, USERNAME, CREATE_USERS_USERNAME, CREATE_DATE,EMAIL,USER_STATUS,MAIL_SETTINGS) VALUES('FACILITY_MANAGER',TRUE, 'Peter', 'Parker', '$2a$10$93Tb8jg1GeHgi6AECbO7xeWPyB0bv1HXadhB3tr0sf7ySFFOKwQoi', 'spiderman', 'elvis', '2016-01-01 00:00:00','spiderman@mail.com','PRESENT','OFF')
--INSERT IGNORE INTO user_user_role (USERS_USERNAME, ROLES) VALUES ('spiderman', 'FACILITY_MANAGER')



INSERT IGNORE INTO department (DEPARTMENT_ID, DEPARTMENT_NAME,DEPARTMENT_MANAGER) VALUES (1,'IT','hulk')
INSERT IGNORE INTO department (DEPARTMENT_ID, DEPARTMENT_NAME,DEPARTMENT_MANAGER) VALUES (2,'Mathematics','borat')
INSERT IGNORE INTO department (DEPARTMENT_ID, DEPARTMENT_NAME,DEPARTMENT_MANAGER) VALUES (3,'Biology','alan')
INSERT IGNORE INTO department (DEPARTMENT_ID, DEPARTMENT_NAME,DEPARTMENT_MANAGER) VALUES (4,'Administration','admin')
INSERT IGNORE INTO department (DEPARTMENT_ID, DEPARTMENT_NAME,DEPARTMENT_MANAGER) VALUES (4,'Administration','elvis')
INSERT IGNORE INTO department (DEPARTMENT_ID, DEPARTMENT_NAME,DEPARTMENT_MANAGER) VALUES (4,'Administration','spiderman')


INSERT IGNORE INTO room (ROOM_ID, FLOOR_NUMBER, ROOM_NAME, NUMBER_OF_SEATS,ROOM_NUMBER, ROOM_TYPE,DEPARTMENT_ID) VALUES(100,1,'Administration Office',3,1,'OFFICE',4)

INSERT IGNORE INTO room (ROOM_ID, FLOOR_NUMBER, ROOM_NAME, NUMBER_OF_SEATS,ROOM_NUMBER, ROOM_TYPE,DEPARTMENT_ID) VALUES(10,1,'IT.OFFICE A',10,1,'OFFICE',1)
INSERT IGNORE INTO room (ROOM_ID, FLOOR_NUMBER, ROOM_NAME, NUMBER_OF_SEATS,ROOM_NUMBER, ROOM_TYPE,DEPARTMENT_ID) VALUES(11,1,'IT.OFFICE B',10,2,'OFFICE',1)
INSERT IGNORE INTO room (ROOM_ID, FLOOR_NUMBER, ROOM_NAME, NUMBER_OF_SEATS,ROOM_NUMBER, ROOM_TYPE,DEPARTMENT_ID) VALUES(12,1,'IT.OFFICE C',10,3,'OFFICE',1)

INSERT IGNORE INTO room (ROOM_ID, FLOOR_NUMBER, ROOM_NAME, NUMBER_OF_SEATS,ROOM_NUMBER, ROOM_TYPE,DEPARTMENT_ID) VALUES(20,2,'MATH.OFFICE A',10,4,'OFFICE',2)
INSERT IGNORE INTO room (ROOM_ID, FLOOR_NUMBER, ROOM_NAME, NUMBER_OF_SEATS,ROOM_NUMBER, ROOM_TYPE,DEPARTMENT_ID) VALUES(21,2,'MATH.OFFICE B',10,5,'OFFICE',2)
INSERT IGNORE INTO room (ROOM_ID, FLOOR_NUMBER, ROOM_NAME, NUMBER_OF_SEATS,ROOM_NUMBER, ROOM_TYPE,DEPARTMENT_ID) VALUES(22,2,'MATH.OFFICE C',10,6,'OFFICE',2)

INSERT IGNORE INTO room (ROOM_ID, FLOOR_NUMBER, ROOM_NAME, NUMBER_OF_SEATS,ROOM_NUMBER, ROOM_TYPE,DEPARTMENT_ID) VALUES(30,3,'BIOLOGY.OFFICE A',10,7,'OFFICE',3)
INSERT IGNORE INTO room (ROOM_ID, FLOOR_NUMBER, ROOM_NAME, NUMBER_OF_SEATS,ROOM_NUMBER, ROOM_TYPE,DEPARTMENT_ID) VALUES(31,3,'BIOLOGY.OFFICE B',10,8,'OFFICE',3)
INSERT IGNORE INTO room (ROOM_ID, FLOOR_NUMBER, ROOM_NAME, NUMBER_OF_SEATS,ROOM_NUMBER, ROOM_TYPE,DEPARTMENT_ID) VALUES(32,3,'BIOLOGY.OFFICE C',10,9,'OFFICE',3)

INSERT IGNORE INTO room (ROOM_ID, FLOOR_NUMBER, ROOM_NAME, NUMBER_OF_SEATS,ROOM_NUMBER, ROOM_TYPE,DEPARTMENT_ID) VALUES(40,1,'CORRIDOR A',0,10,'CORRIDOR',2)
INSERT IGNORE INTO room (ROOM_ID, FLOOR_NUMBER, ROOM_NAME, NUMBER_OF_SEATS,ROOM_NUMBER, ROOM_TYPE,DEPARTMENT_ID) VALUES(50,1,'CONFERENCE_ROOM A',0,11,'CONFERENCE_ROOM',2)
INSERT IGNORE INTO room (ROOM_ID, FLOOR_NUMBER, ROOM_NAME, NUMBER_OF_SEATS,ROOM_NUMBER, ROOM_TYPE,DEPARTMENT_ID) VALUES(60,1,'LOUNGE A',0,12,'LOUNGE',2)
INSERT IGNORE INTO room (ROOM_ID, FLOOR_NUMBER, ROOM_NAME, NUMBER_OF_SEATS,ROOM_NUMBER, ROOM_TYPE,DEPARTMENT_ID) VALUES(70,1,'KITCHEN A',0,13,'KITCHEN',2)

UPDATE users SET department_id = 4, room_id = 100 WHERE username = 'admin'
UPDATE users SET department_id = 4, room_id = 100 WHERE username = 'elvis'
UPDATE users SET department_id = 4, room_id = 100 WHERE username = 'spiderman'

UPDATE users SET department_id = 1, room_id = 10 WHERE username = 'hulk'
UPDATE users SET department_id = 1, room_id = 10 WHERE username = 'user1'
UPDATE users SET department_id = 1, room_id = 10 WHERE username = 'user2'
UPDATE users SET department_id = 1, room_id = 10 WHERE username = 'user3'
UPDATE users SET department_id = 1, room_id = 10 WHERE username = 'user4'
UPDATE users SET department_id = 1, room_id = 10 WHERE username = 'user5'

UPDATE users SET department_id = 2, room_id = 20 WHERE username = 'borat'
UPDATE users SET department_id = 2, room_id = 20 WHERE username = 'user6'
UPDATE users SET department_id = 2, room_id = 20 WHERE username = 'user7'
UPDATE users SET department_id = 2, room_id = 20 WHERE username = 'user8'
UPDATE users SET department_id = 2, room_id = 20 WHERE username = 'user9'
UPDATE users SET department_id = 2, room_id = 20 WHERE username = 'user10'

UPDATE users SET department_id = 3, room_id = 30 WHERE username = 'alan'
UPDATE users SET department_id = 3, room_id = 30 WHERE username = 'alan'

INSERT IGNORE INTO sensor(SENSOR_ID ,DECIBEL_LIMIT,GAS_LIMIT,HUMIDITY_LIMIT_HIGH,HUMIDITY_LIMIT_LOW,LUX_LIMIT,PRESSURE_LIMIT_HIGH,PRESSURE_LIMIT_LOW,TEMPERATURE_LIMIT_HIGH,TEMPERATURE_LIMIT_LOW,ROOM_ID ) VALUES ('20',130,0,71,20,140,970,910,29,19,10)
INSERT IGNORE INTO sensor(SENSOR_ID ,DECIBEL_LIMIT,GAS_LIMIT,HUMIDITY_LIMIT_HIGH,HUMIDITY_LIMIT_LOW,LUX_LIMIT,PRESSURE_LIMIT_HIGH,PRESSURE_LIMIT_LOW,TEMPERATURE_LIMIT_HIGH,TEMPERATURE_LIMIT_LOW,ROOM_ID ) VALUES ('21',130,0,71,20,140,970,910,29,19,11)
INSERT IGNORE INTO sensor(SENSOR_ID ,DECIBEL_LIMIT,GAS_LIMIT,HUMIDITY_LIMIT_HIGH,HUMIDITY_LIMIT_LOW,LUX_LIMIT,PRESSURE_LIMIT_HIGH,PRESSURE_LIMIT_LOW,TEMPERATURE_LIMIT_HIGH,TEMPERATURE_LIMIT_LOW,ROOM_ID ) VALUES ('22',130,0,71,20,140,970,910,29,19,12)
INSERT IGNORE INTO sensor(SENSOR_ID ,DECIBEL_LIMIT,GAS_LIMIT,HUMIDITY_LIMIT_HIGH,HUMIDITY_LIMIT_LOW,LUX_LIMIT,PRESSURE_LIMIT_HIGH,PRESSURE_LIMIT_LOW,TEMPERATURE_LIMIT_HIGH,TEMPERATURE_LIMIT_LOW,ROOM_ID ) VALUES ('23',130,0,71,20,140,970,910,29,19,20)
INSERT IGNORE INTO sensor(SENSOR_ID ,DECIBEL_LIMIT,GAS_LIMIT,HUMIDITY_LIMIT_HIGH,HUMIDITY_LIMIT_LOW,LUX_LIMIT,PRESSURE_LIMIT_HIGH,PRESSURE_LIMIT_LOW,TEMPERATURE_LIMIT_HIGH,TEMPERATURE_LIMIT_LOW,ROOM_ID ) VALUES ('24',130,0,71,20,140,970,910,29,19,21)
INSERT IGNORE INTO sensor(SENSOR_ID ,DECIBEL_LIMIT,GAS_LIMIT,HUMIDITY_LIMIT_HIGH,HUMIDITY_LIMIT_LOW,LUX_LIMIT,PRESSURE_LIMIT_HIGH,PRESSURE_LIMIT_LOW,TEMPERATURE_LIMIT_HIGH,TEMPERATURE_LIMIT_LOW,ROOM_ID ) VALUES ('25',130,0,71,20,140,970,910,29,19,22)
INSERT IGNORE INTO sensor(SENSOR_ID ,DECIBEL_LIMIT,GAS_LIMIT,HUMIDITY_LIMIT_HIGH,HUMIDITY_LIMIT_LOW,LUX_LIMIT,PRESSURE_LIMIT_HIGH,PRESSURE_LIMIT_LOW,TEMPERATURE_LIMIT_HIGH,TEMPERATURE_LIMIT_LOW,ROOM_ID ) VALUES ('26',130,0,71,20,140,970,910,29,19,30)
INSERT IGNORE INTO sensor(SENSOR_ID ,DECIBEL_LIMIT,GAS_LIMIT,HUMIDITY_LIMIT_HIGH,HUMIDITY_LIMIT_LOW,LUX_LIMIT,PRESSURE_LIMIT_HIGH,PRESSURE_LIMIT_LOW,TEMPERATURE_LIMIT_HIGH,TEMPERATURE_LIMIT_LOW,ROOM_ID ) VALUES ('27',130,0,71,20,140,970,910,29,19,31)
INSERT IGNORE INTO sensor(SENSOR_ID ,DECIBEL_LIMIT,GAS_LIMIT,HUMIDITY_LIMIT_HIGH,HUMIDITY_LIMIT_LOW,LUX_LIMIT,PRESSURE_LIMIT_HIGH,PRESSURE_LIMIT_LOW,TEMPERATURE_LIMIT_HIGH,TEMPERATURE_LIMIT_LOW,ROOM_ID ) VALUES ('28',130,0,71,20,140,970,910,29,19,32)
INSERT IGNORE INTO sensor(SENSOR_ID ,DECIBEL_LIMIT,GAS_LIMIT,HUMIDITY_LIMIT_HIGH,HUMIDITY_LIMIT_LOW,LUX_LIMIT,PRESSURE_LIMIT_HIGH,PRESSURE_LIMIT_LOW,TEMPERATURE_LIMIT_HIGH,TEMPERATURE_LIMIT_LOW,ROOM_ID ) VALUES ('29',130,0,71,20,140,970,910,29,19,40)
INSERT IGNORE INTO sensor(SENSOR_ID ,DECIBEL_LIMIT,GAS_LIMIT,HUMIDITY_LIMIT_HIGH,HUMIDITY_LIMIT_LOW,LUX_LIMIT,PRESSURE_LIMIT_HIGH,PRESSURE_LIMIT_LOW,TEMPERATURE_LIMIT_HIGH,TEMPERATURE_LIMIT_LOW,ROOM_ID ) VALUES ('30',130,0,71,20,140,970,910,29,19,50)
INSERT IGNORE INTO sensor(SENSOR_ID ,DECIBEL_LIMIT,GAS_LIMIT,HUMIDITY_LIMIT_HIGH,HUMIDITY_LIMIT_LOW,LUX_LIMIT,PRESSURE_LIMIT_HIGH,PRESSURE_LIMIT_LOW,TEMPERATURE_LIMIT_HIGH,TEMPERATURE_LIMIT_LOW,ROOM_ID ) VALUES ('31',130,0,71,20,140,970,910,29,19,60)
INSERT IGNORE INTO sensor(SENSOR_ID ,DECIBEL_LIMIT,GAS_LIMIT,HUMIDITY_LIMIT_HIGH,HUMIDITY_LIMIT_LOW,LUX_LIMIT,PRESSURE_LIMIT_HIGH,PRESSURE_LIMIT_LOW,TEMPERATURE_LIMIT_HIGH,TEMPERATURE_LIMIT_LOW,ROOM_ID ) VALUES ('32',130,0,71,20,140,970,910,29,19,70)


INSERT IGNORE INTO measurement (MEASUREMENT_ID,TIMESTAMP ,TYPE ,VALUE ,SENSOR_ID ) VALUES (22,'2022-05-11 23:59:22','HUMIDITY',33.4,'20')
INSERT IGNORE INTO measurement (MEASUREMENT_ID,TIMESTAMP ,TYPE ,VALUE ,SENSOR_ID ) VALUES (23,'2022-05-11 23:59:22','TEMPERATURE',33.4,'20')
INSERT IGNORE INTO measurement (MEASUREMENT_ID,TIMESTAMP ,TYPE ,VALUE ,SENSOR_ID ) VALUES (24,'2022-05-11 23:59:22','DECIBEL',34.6,'20')
INSERT IGNORE INTO measurement (MEASUREMENT_ID,TIMESTAMP ,TYPE ,VALUE ,SENSOR_ID ) VALUES (25,'2022-05-11 23:59:22','LUX',33.4,'20')
INSERT IGNORE INTO measurement (MEASUREMENT_ID,TIMESTAMP ,TYPE ,VALUE ,SENSOR_ID ) VALUES (26,'2022-05-11 23:59:22','PRESSURE',33.4,'20')
INSERT IGNORE INTO measurement (MEASUREMENT_ID,TIMESTAMP ,TYPE ,VALUE ,SENSOR_ID ) VALUES (27,'2022-05-11 23:59:22','GAS',33.4,'20')

INSERT IGNORE INTO measurement (MEASUREMENT_ID,TIMESTAMP ,TYPE ,VALUE ,SENSOR_ID ) VALUES (32,'2022-05-12 23:59:22','HUMIDITY',33.4,'23')
INSERT IGNORE INTO measurement (MEASUREMENT_ID,TIMESTAMP ,TYPE ,VALUE ,SENSOR_ID ) VALUES (33,'2022-05-12 23:59:22','TEMPERATURE',33.4,'23')
INSERT IGNORE INTO measurement (MEASUREMENT_ID,TIMESTAMP ,TYPE ,VALUE ,SENSOR_ID ) VALUES (34,'2022-05-12 23:59:22','DECIBEL',34.6,'23')
INSERT IGNORE INTO measurement (MEASUREMENT_ID,TIMESTAMP ,TYPE ,VALUE ,SENSOR_ID ) VALUES (35,'2022-05-12 23:59:22','LUX',33.4,'23')
INSERT IGNORE INTO measurement (MEASUREMENT_ID,TIMESTAMP ,TYPE ,VALUE ,SENSOR_ID ) VALUES (36,'2022-05-12 23:59:22','PRESSURE',33.4,'23')
INSERT IGNORE INTO measurement (MEASUREMENT_ID,TIMESTAMP ,TYPE ,VALUE ,SENSOR_ID ) VALUES (37,'2022-05-12 23:59:22','GAS',33.4,'23')

INSERT IGNORE INTO measurement (MEASUREMENT_ID,TIMESTAMP ,TYPE ,VALUE ,SENSOR_ID ) VALUES (42,'2022-05-12 23:59:32','HUMIDITY',33.4,'23')
INSERT IGNORE INTO measurement (MEASUREMENT_ID,TIMESTAMP ,TYPE ,VALUE ,SENSOR_ID ) VALUES (43,'2022-05-12 23:59:32','TEMPERATURE',33.4,'23')
INSERT IGNORE INTO measurement (MEASUREMENT_ID,TIMESTAMP ,TYPE ,VALUE ,SENSOR_ID ) VALUES (44,'2022-05-12 23:59:32','DECIBEL',34.6,'23')
INSERT IGNORE INTO measurement (MEASUREMENT_ID,TIMESTAMP ,TYPE ,VALUE ,SENSOR_ID ) VALUES (45,'2022-05-12 23:59:32','LUX',33.4,'23')
INSERT IGNORE INTO measurement (MEASUREMENT_ID,TIMESTAMP ,TYPE ,VALUE ,SENSOR_ID ) VALUES (46,'2022-05-12 23:59:32','PRESSURE',33.4,'23')
INSERT IGNORE INTO measurement (MEASUREMENT_ID,TIMESTAMP ,TYPE ,VALUE ,SENSOR_ID ) VALUES (47,'2022-05-12 23:59:32','GAS',33.4,'23')

INSERT IGNORE INTO measurement (MEASUREMENT_ID,TIMESTAMP ,TYPE ,VALUE ,SENSOR_ID ) VALUES (54,'2022-04-01 06:00:54','HUMIDITY',35.4,'21')
INSERT IGNORE INTO measurement (MEASUREMENT_ID,TIMESTAMP ,TYPE ,VALUE ,SENSOR_ID ) VALUES (55,'2022-04-01 10:40:33','TEMPERATURE',21.4,'22')
INSERT IGNORE INTO measurement (MEASUREMENT_ID,TIMESTAMP ,TYPE ,VALUE ,SENSOR_ID ) VALUES (56,'2022-04-01 10:50:32','TEMPERATURE',22.4,'22')
INSERT IGNORE INTO measurement (MEASUREMENT_ID,TIMESTAMP ,TYPE ,VALUE ,SENSOR_ID ) VALUES (57,'2022-04-01 15:12:12','TEMPERATURE',25.4,'26')
INSERT IGNORE INTO measurement (MEASUREMENT_ID,TIMESTAMP ,TYPE ,VALUE ,SENSOR_ID ) VALUES (58,'2022-04-01 16:30:54','TEMPERATURE',23.4,'24')
INSERT IGNORE INTO measurement (MEASUREMENT_ID,TIMESTAMP ,TYPE ,VALUE ,SENSOR_ID ) VALUES (59,'2022-04-01 17:00:12','TEMPERATURE',26.4,'27')

--public rooms sensors
INSERT IGNORE INTO measurement (MEASUREMENT_ID,TIMESTAMP ,TYPE ,VALUE ,SENSOR_ID ) VALUES (100,'2022-05-12 23:59:32','HUMIDITY',19,'29')
INSERT IGNORE INTO measurement (MEASUREMENT_ID,TIMESTAMP ,TYPE ,VALUE ,SENSOR_ID ) VALUES (101,'2022-05-12 23:59:32','TEMPERATURE',19,'29')
INSERT IGNORE INTO measurement (MEASUREMENT_ID,TIMESTAMP ,TYPE ,VALUE ,SENSOR_ID ) VALUES (102,'2022-05-12 23:59:32','DECIBEL',19,'29')
INSERT IGNORE INTO measurement (MEASUREMENT_ID,TIMESTAMP ,TYPE ,VALUE ,SENSOR_ID ) VALUES (103,'2022-05-12 23:59:32','LUX',319,'29')
INSERT IGNORE INTO measurement (MEASUREMENT_ID,TIMESTAMP ,TYPE ,VALUE ,SENSOR_ID ) VALUES (104,'2022-05-12 23:59:32','PRESSURE',19,'29')
INSERT IGNORE INTO measurement (MEASUREMENT_ID,TIMESTAMP ,TYPE ,VALUE ,SENSOR_ID ) VALUES (105,'2022-05-12 23:59:32','GAS',19,'29')

INSERT IGNORE INTO measurement (MEASUREMENT_ID,TIMESTAMP ,TYPE ,VALUE ,SENSOR_ID ) VALUES (106,'2022-05-12 23:59:32','HUMIDITY',20,'29')
INSERT IGNORE INTO measurement (MEASUREMENT_ID,TIMESTAMP ,TYPE ,VALUE ,SENSOR_ID ) VALUES (107,'2022-05-12 23:59:32','TEMPERATURE',20,'29')
INSERT IGNORE INTO measurement (MEASUREMENT_ID,TIMESTAMP ,TYPE ,VALUE ,SENSOR_ID ) VALUES (108,'2022-05-12 23:59:32','DECIBEL',20,'29')
INSERT IGNORE INTO measurement (MEASUREMENT_ID,TIMESTAMP ,TYPE ,VALUE ,SENSOR_ID ) VALUES (109,'2022-05-12 23:59:32','LUX',320,'29')
INSERT IGNORE INTO measurement (MEASUREMENT_ID,TIMESTAMP ,TYPE ,VALUE ,SENSOR_ID ) VALUES (110,'2022-05-12 23:59:32','PRESSURE',20,'29')
INSERT IGNORE INTO measurement (MEASUREMENT_ID,TIMESTAMP ,TYPE ,VALUE ,SENSOR_ID ) VALUES (111,'2022-05-12 23:59:32','GAS',20,'29')

INSERT IGNORE INTO measurement (MEASUREMENT_ID,TIMESTAMP ,TYPE ,VALUE ,SENSOR_ID ) VALUES (112,'2022-05-12 23:59:32','HUMIDITY',29,'30')
INSERT IGNORE INTO measurement (MEASUREMENT_ID,TIMESTAMP ,TYPE ,VALUE ,SENSOR_ID ) VALUES (113,'2022-05-12 23:59:32','TEMPERATURE',29,'30')
INSERT IGNORE INTO measurement (MEASUREMENT_ID,TIMESTAMP ,TYPE ,VALUE ,SENSOR_ID ) VALUES (114,'2022-05-12 23:59:32','DECIBEL',29,'30')
INSERT IGNORE INTO measurement (MEASUREMENT_ID,TIMESTAMP ,TYPE ,VALUE ,SENSOR_ID ) VALUES (115,'2022-05-12 23:59:32','LUX',29,'30')
INSERT IGNORE INTO measurement (MEASUREMENT_ID,TIMESTAMP ,TYPE ,VALUE ,SENSOR_ID ) VALUES (116,'2022-05-12 23:59:32','PRESSURE',29,'30')
INSERT IGNORE INTO measurement (MEASUREMENT_ID,TIMESTAMP ,TYPE ,VALUE ,SENSOR_ID ) VALUES (117,'2022-05-12 23:59:32','GAS',29,'30')

INSERT IGNORE INTO measurement (MEASUREMENT_ID,TIMESTAMP ,TYPE ,VALUE ,SENSOR_ID ) VALUES (118,'2022-05-12 23:59:32','HUMIDITY',30,'30')
INSERT IGNORE INTO measurement (MEASUREMENT_ID,TIMESTAMP ,TYPE ,VALUE ,SENSOR_ID ) VALUES (119,'2022-05-12 23:59:32','TEMPERATURE',30,'30')
INSERT IGNORE INTO measurement (MEASUREMENT_ID,TIMESTAMP ,TYPE ,VALUE ,SENSOR_ID ) VALUES (120,'2022-05-12 23:59:32','DECIBEL',30,'30')
INSERT IGNORE INTO measurement (MEASUREMENT_ID,TIMESTAMP ,TYPE ,VALUE ,SENSOR_ID ) VALUES (121,'2022-05-12 23:59:32','LUX',30,'30')
INSERT IGNORE INTO measurement (MEASUREMENT_ID,TIMESTAMP ,TYPE ,VALUE ,SENSOR_ID ) VALUES (122,'2022-05-12 23:59:32','PRESSURE',30,'30')
INSERT IGNORE INTO measurement (MEASUREMENT_ID,TIMESTAMP ,TYPE ,VALUE ,SENSOR_ID ) VALUES (123,'2022-05-12 23:59:32','GAS',30,'30')

INSERT IGNORE INTO measurement (MEASUREMENT_ID,TIMESTAMP ,TYPE ,VALUE ,SENSOR_ID ) VALUES (124,'2022-05-12 23:59:32','HUMIDITY',39,'31')
INSERT IGNORE INTO measurement (MEASUREMENT_ID,TIMESTAMP ,TYPE ,VALUE ,SENSOR_ID ) VALUES (125,'2022-05-12 23:59:32','TEMPERATURE',39,'31')
INSERT IGNORE INTO measurement (MEASUREMENT_ID,TIMESTAMP ,TYPE ,VALUE ,SENSOR_ID ) VALUES (126,'2022-05-12 23:59:32','DECIBEL',39,'31')
INSERT IGNORE INTO measurement (MEASUREMENT_ID,TIMESTAMP ,TYPE ,VALUE ,SENSOR_ID ) VALUES (127,'2022-05-12 23:59:32','LUX',39,'31')
INSERT IGNORE INTO measurement (MEASUREMENT_ID,TIMESTAMP ,TYPE ,VALUE ,SENSOR_ID ) VALUES (128,'2022-05-12 23:59:32','PRESSURE',39,'31')
INSERT IGNORE INTO measurement (MEASUREMENT_ID,TIMESTAMP ,TYPE ,VALUE ,SENSOR_ID ) VALUES (129,'2022-05-12 23:59:32','GAS',39,'31')

INSERT IGNORE INTO measurement (MEASUREMENT_ID,TIMESTAMP ,TYPE ,VALUE ,SENSOR_ID ) VALUES (130,'2022-05-12 23:59:32','HUMIDITY',40,'31')
INSERT IGNORE INTO measurement (MEASUREMENT_ID,TIMESTAMP ,TYPE ,VALUE ,SENSOR_ID ) VALUES (131,'2022-05-12 23:59:32','TEMPERATURE',40,'31')
INSERT IGNORE INTO measurement (MEASUREMENT_ID,TIMESTAMP ,TYPE ,VALUE ,SENSOR_ID ) VALUES (132,'2022-05-12 23:59:32','DECIBEL',40,'31')
INSERT IGNORE INTO measurement (MEASUREMENT_ID,TIMESTAMP ,TYPE ,VALUE ,SENSOR_ID ) VALUES (133,'2022-05-12 23:59:32','LUX',40,'31')
INSERT IGNORE INTO measurement (MEASUREMENT_ID,TIMESTAMP ,TYPE ,VALUE ,SENSOR_ID ) VALUES (134,'2022-05-12 23:59:32','PRESSURE',40,'31')
INSERT IGNORE INTO measurement (MEASUREMENT_ID,TIMESTAMP ,TYPE ,VALUE ,SENSOR_ID ) VALUES (135,'2022-05-12 23:59:32','GAS',40,'31')

INSERT IGNORE INTO measurement (MEASUREMENT_ID,TIMESTAMP ,TYPE ,VALUE ,SENSOR_ID ) VALUES (136,'2022-05-12 23:59:32','HUMIDITY',49,'32')
INSERT IGNORE INTO measurement (MEASUREMENT_ID,TIMESTAMP ,TYPE ,VALUE ,SENSOR_ID ) VALUES (137,'2022-05-12 23:59:32','TEMPERATURE',49,'32')
INSERT IGNORE INTO measurement (MEASUREMENT_ID,TIMESTAMP ,TYPE ,VALUE ,SENSOR_ID ) VALUES (138,'2022-05-12 23:59:32','DECIBEL',49,'32')
INSERT IGNORE INTO measurement (MEASUREMENT_ID,TIMESTAMP ,TYPE ,VALUE ,SENSOR_ID ) VALUES (139,'2022-05-12 23:59:32','LUX',49,'32')
INSERT IGNORE INTO measurement (MEASUREMENT_ID,TIMESTAMP ,TYPE ,VALUE ,SENSOR_ID ) VALUES (140,'2022-05-12 23:59:32','PRESSURE',49,'32')
INSERT IGNORE INTO measurement (MEASUREMENT_ID,TIMESTAMP ,TYPE ,VALUE ,SENSOR_ID ) VALUES (141,'2022-05-12 23:59:32','GAS',49,'32')

INSERT IGNORE INTO measurement (MEASUREMENT_ID,TIMESTAMP ,TYPE ,VALUE ,SENSOR_ID ) VALUES (143,'2022-05-12 23:59:32','HUMIDITY',50,'32')
INSERT IGNORE INTO measurement (MEASUREMENT_ID,TIMESTAMP ,TYPE ,VALUE ,SENSOR_ID ) VALUES (143,'2022-05-12 23:59:32','TEMPERATURE',50,'32')
INSERT IGNORE INTO measurement (MEASUREMENT_ID,TIMESTAMP ,TYPE ,VALUE ,SENSOR_ID ) VALUES (144,'2022-05-12 23:59:32','DECIBEL',50,'32')
INSERT IGNORE INTO measurement (MEASUREMENT_ID,TIMESTAMP ,TYPE ,VALUE ,SENSOR_ID ) VALUES (145,'2022-05-12 23:59:32','LUX',50,'32')
INSERT IGNORE INTO measurement (MEASUREMENT_ID,TIMESTAMP ,TYPE ,VALUE ,SENSOR_ID ) VALUES (146,'2022-05-12 23:59:32','PRESSURE',50,'32')
INSERT IGNORE INTO measurement (MEASUREMENT_ID,TIMESTAMP ,TYPE ,VALUE ,SENSOR_ID ) VALUES (147,'2022-05-12 23:59:32','GAS',50,'32')

